关于微信	I	false
	无	false
设置	,	false
锁定	L	false
版本更新	无	false
	无	false
服务	无	false
Activity Monitor	无	false
Allocations & Leaks	无	false
File Activity	无	false
System Trace	无	false
服务设置…	无	false
	无	false
隐藏微信	H	false
隐藏其他	H	false
显示全部	无	false
	无	false
退出微信	Q	false
退出并保留窗口	Q	false
发起会话	N	false
	无	false
写笔记	D	false
	无	false
置顶/取消置顶	T	false
静音/取消静音	M	false
	无	false
关闭	W	false
全选	A	false
撤销	Z	false
重做	Z	false
	无	false
剪切	X	false
拷贝	C	false
粘贴	V	false
删除		false
	无	false
搜索	F	false
	无	false
自动填充	无	false
联系人…	无	false
密码…	无	false
信用卡…	无	false
开始听写…	无	false
表情与符号	🌐	false
显示下一个会话		false
显示上一个会话		false
显示下一个未读会话		false
放大	+	false
缩小	-	false
进入全屏幕	F	false
填充	F	false
居中	C	false
	无	false
移动与调整大小	无	false
二等分	无	false
左侧	无	false
右侧	无	false
顶部	无	false
底部	无	false
	无	false
四等分	无	false
左上	无	false
右上	无	false
左下	无	false
右下	无	false
	无	false
排列	无	false
左侧与右侧	无	false
左侧与四等分	无	false
右侧与左侧	无	false
右侧与四等分	无	false
顶部与底部	无	false
顶部与四等分	无	false
底部与顶部	无	false
底部与四等分	无	false
四等分	无	false
	无	false
恢复上一个大小	R	false
全屏幕平铺	无	false
屏幕左侧	无	false
屏幕右侧	无	false
	无	false
从组中移除窗口	无	false
置顶	无	false
最小化	M	false
缩放	无	false
	无	false
聊天	1	false
通讯录	2	false
收藏	3	false
朋友圈	4	false
	无	false
前置全部窗口	无	false
	无	false
微信	无	false
问题反馈	无	false
